campaign,impressions,clicks,spend,conversions,revenue,ctr,cpc,cpa,roas,conversion_rate,avg_quality_score
SME Acquisition Campaign,1964247.0,74737.0,1615381.2200000002,1973.0,29828949.35,0.03804867717756474,21.614210096739235,818.7436492650787,18.465578886697717,0.02639924000160563,71.50204326923077
Travel Rewards Campaign,2138769.0,80959.0,1782508.6,2125.0,32464749.5,0.037853082777990515,22.017423634185207,838.8275764705883,18.21295532599394,0.026247853851949752,71.33355335533552
Business Card Paid Search,1868167.0,72236.0,1608498.3399999999,1843.0,27481590.39,0.03866677871946138,22.267267567417907,872.7609007053716,17.085246348466857,0.025513594329697104,70.60088161209067
Credit Card Acquisition,1951440.0,73824.0,1604822.16,1914.0,27342030.88,0.037830525150657976,21.738488296488946,838.4650783699059,17.037421068512664,0.025926527958387516,70.96447688564477
Premium Card Campaign,1948769.0,72738.0,1599020.83,1818.0,27069684.18,0.03732510112794282,21.983293876653196,879.5494114411441,16.928912789710186,0.024993813412521652,71.4099393939394
Cashback Search Campaign,1937626.0,73057.0,1634807.78,1728.0,25258406.490000002,0.037704386708270844,22.377154550556416,946.0693171296297,15.450383096415164,0.023652764279945795,71.3416870415648
