channel,impressions,clicks,spend,conversions,revenue,ctr,cpc,cpa,roas,conversion_rate,avg_quality_score
Display,1337898.0,38575.0,592395.03,961.0,14475080.59,0.028832541793171077,15.35696772521063,616.4360353798128,24.434844752158032,0.02491250810110175,71.34787052810903
YouTube,1447252.0,41460.0,646243.4200000002,998.0,14612588.39,0.02864739520138856,15.587154365653646,647.5384969939881,22.611585569412835,0.024071394114809457,71.55739549839228
Affiliate,1148875.0,33746.0,550372.51,825.0,11937776.71,0.029373082363181372,16.309266579742786,667.1181939393939,21.690357881428344,0.024447341907189002,71.87257383966246
Meta,1861572.0,53658.0,854361.4299999999,1238.0,18475269.92,0.028824026145644648,15.922349509858734,690.1142407108239,21.624653538023132,0.023072048902307206,70.79025974025974
Google Search,4461025.0,207426.0,5327542.949999999,5487.0,81902517.38,0.04649738569050835,25.684065401637206,970.9391197375613,15.373412875066546,0.026452807266205778,71.22891820580475
Bing Search,1552396.0,72686.0,1874123.5899999999,1892.0,28042177.8,0.04682181608300975,25.78383168698236,990.5515803382663,14.96282206233795,0.026029771895550724,70.62530674846626
