cluster,ctr,cpa,roas,customer_quality_score,cost,conversions
0,0.04679170156697799,1059.8040099998248,13.489266194888382,68.25183973266839,57786.090512820505,55.17948717948718
1,0.029301658180792205,602.0915437593469,29.882310178945072,79.98556921218582,18910.286382978724,32.02127659574468
2,0.028262855138070097,926.8868281311603,8.463745071817712,54.88623773920284,17316.1094,20.24
3,0.04656348742348007,979.6823369901424,16.946901611879902,74.54824703412119,149939.66696969696,158.3939393939394
