audience_segment,impressions,clicks,spend,conversions,revenue,ctr,cpc,cpa,roas,conversion_rate,avg_quality_score
Premium Customers,1863312.0,71675.0,1569632.24,2125.0,46369421.97,0.03846645113647097,21.89929877921172,738.6504658823529,29.541583555903514,0.029647715381932335,87.28777506112469
Small Business Owners,1943238.0,75369.0,1672907.68,2297.0,41549202.52,0.038785264594455235,22.19623028035399,728.3011232041794,24.836518486184488,0.030476721198370683,81.45214198286413
Frequent Travelers,2120865.0,80362.0,1746071.3599999999,2227.0,35793421.53,0.037891143472121046,21.727574724372214,784.0464122137404,20.49940360398558,0.027712102735123565,78.92840909090908
High Income Urban,1998607.0,74909.0,1650911.2000000002,1812.0,24988500.8,0.03748060524155074,22.03888985302167,911.0988962472408,15.136187094738952,0.024189349744356485,72.59952324195471
Young Professionals,1862416.0,70314.0,1580714.33,1527.0,13604684.57,0.03775418596060171,22.48079088090565,1035.176378519974,8.606668714137614,0.02171687004010581,62.069592875318065
Students,2020580.0,74922.0,1624802.12,1413.0,7140179.4,0.03707945243444952,21.68658231227143,1149.8953432413307,4.394491681239313,0.0188596139985585,45.22093023255814
